City_ID,City,Country,Date,Lat,Lng,Max Temp,Humidity,Cloudiness,Wind Speed
0,Belyy Yar,RU,2021-04-23 17:44:24,53.6039,91.3903,33.8,40,0,8.95
1,Mezokeresztes,HU,2021-04-23 17:44:24,47.8333,20.7,45.68,65,46,8.03
2,Cuamba,MZ,2021-04-23 17:44:24,-14.8031,36.5372,66.43,83,19,3.78
3,San Cristobal,VE,2021-04-23 17:44:25,7.7669,-72.225,89.6,55,20,14.97
4,Albany,US,2021-04-23 17:41:01,42.6001,-73.9662,57.0,25,23,3.0
5,Thompson,CA,2021-04-23 17:39:58,55.7435,-97.8558,24.8,42,40,9.22
6,Mataura,NZ,2021-04-23 17:44:24,-46.1927,168.8643,44.01,96,32,1.99
7,Marsh Harbour,BS,2021-04-23 17:44:25,26.5412,-77.0636,73.22,70,88,16.87
8,Kieta,PG,2021-04-23 17:44:26,-6.2167,155.6333,77.02,86,99,1.14
9,Tasiilaq,GL,2021-04-23 17:44:26,65.6145,-37.6368,35.6,60,90,3.44
10,Guerrero Negro,MX,2021-04-23 17:40:10,27.9769,-114.0611,64.49,58,85,17.96
11,Jamestown,US,2021-04-23 17:41:14,42.097,-79.2353,57.99,37,1,9.22
12,Hilo,US,2021-04-23 17:44:27,19.7297,-155.09,71.6,73,75,3.44
13,Husavik,IS,2021-04-23 17:44:05,66.0449,-17.3389,51.8,58,0,10.36
14,Jerantut,MY,2021-04-23 17:44:27,3.936,102.3626,73.17,95,99,1.77
15,Nantucket,US,2021-04-23 17:44:27,41.2835,-70.0995,50.0,46,1,26.46
16,Tokur,RU,2021-04-23 17:44:28,53.1333,132.9,17.98,94,28,2.8
17,Okhotsk,RU,2021-04-23 17:44:28,59.3833,143.3,16.57,72,0,17.09
18,Souillac,MU,2021-04-23 17:44:29,-20.5167,57.5167,78.8,83,40,9.22
19,Kloulklubed,PW,2021-04-23 17:44:01,7.0419,134.2556,75.2,94,75,5.93
20,Vaini,TO,2021-04-23 17:44:29,-21.2,-175.2,73.4,25,20,3.44
21,Kapaa,US,2021-04-23 17:44:29,22.0752,-159.319,73.4,78,40,12.66
22,Aksu,CN,2021-04-23 17:44:30,41.1231,80.2644,53.58,40,1,6.49
23,East London,ZA,2021-04-23 17:40:04,-33.0153,27.9116,66.2,82,0,10.36
24,Port Elizabeth,ZA,2021-04-23 17:44:07,-33.918,25.5701,71.01,70,0,1.99
25,Alto Lucero,MX,2021-04-23 17:44:30,19.6167,-96.7167,88.14,39,79,6.31
26,Chokurdakh,RU,2021-04-23 17:44:30,70.6333,147.9167,-14.46,99,53,2.24
27,Rikitea,PF,2021-04-23 17:44:31,-23.1203,-134.9692,79.14,69,97,19.13
28,Meadow Lake,US,2021-04-23 17:44:31,34.8014,-106.5436,60.01,35,75,14.97
29,Hurghada,EG,2021-04-23 17:44:32,27.2574,33.8129,80.6,36,0,16.11
30,Rawson,AR,2021-04-23 17:44:32,-43.3002,-65.1023,64.08,52,9,22.01
31,Cabedelo,BR,2021-04-23 17:44:32,-6.9811,-34.8339,86.0,70,75,12.66
32,Saint-Philippe,RE,2021-04-23 17:44:32,-21.3585,55.7679,77.0,78,75,11.5
33,Duku,NG,2021-04-23 17:44:33,11.2361,4.9073,92.84,32,75,4.99
34,Castro,BR,2021-04-23 17:44:33,-24.7911,-50.0119,70.9,44,2,2.55
35,Puerto Ayora,EC,2021-04-23 17:44:33,-0.7393,-90.3518,84.2,70,40,11.5
36,Richards Bay,ZA,2021-04-23 17:44:34,-28.783,32.0377,66.52,83,90,10.36
37,Hobart,AU,2021-04-23 17:44:34,-42.8794,147.3294,51.8,71,75,11.5
38,Imeni Poliny Osipenko,RU,2021-04-23 17:44:34,52.4201,136.4853,28.72,77,74,3.74
39,Esperance,AU,2021-04-23 17:44:35,-33.8667,121.9,55.4,94,97,8.05
40,Namibe,AO,2021-04-23 17:44:35,-15.1961,12.1522,79.95,77,2,7.78
41,Cape Town,ZA,2021-04-23 17:44:02,-33.9258,18.4232,64.0,82,0,5.75
42,Bredasdorp,ZA,2021-04-23 17:44:35,-34.5322,20.0403,57.2,77,54,2.3
43,Mahebourg,MU,2021-04-23 17:44:36,-20.4081,57.7,78.8,83,40,9.22
44,Polis,CY,2021-04-23 17:44:36,35.0367,32.4264,66.2,72,0,4.61
45,Rio Bananal,BR,2021-04-23 17:44:36,-19.265,-40.3333,86.67,45,50,3.13
46,Katsuura,JP,2021-04-23 17:44:37,35.1333,140.3,53.6,71,0,12.66
47,Punta Arenas,CL,2021-04-23 17:42:25,-53.15,-70.9167,48.2,93,75,4.61
48,Fort Nelson,CA,2021-04-23 17:44:37,58.8053,-122.7002,30.2,47,75,10.36
49,Kirkuk,IQ,2021-04-23 17:39:41,35.4681,44.3922,75.72,12,100,4.61
50,Busselton,AU,2021-04-23 17:44:37,-33.65,115.3333,62.01,77,71,1.99
51,Sur,OM,2021-04-23 17:43:55,22.5667,59.5289,87.62,37,1,12.55
52,Lompoc,US,2021-04-23 17:44:38,34.6391,-120.4579,51.8,76,54,7.96
53,Qaanaaq,GL,2021-04-23 17:44:38,77.484,-69.3632,23.31,80,100,7.4
54,Pevek,RU,2021-04-23 17:44:38,69.7008,170.3133,3.99,97,80,4.63
55,Ushuaia,AR,2021-04-23 17:41:30,-54.8,-68.3,42.8,87,90,3.44
56,Kayerkan,RU,2021-04-23 17:44:39,69.3497,87.7602,31.59,95,97,25.59
57,Bandarbeyla,SO,2021-04-23 17:44:39,9.4942,50.8122,83.8,74,86,11.07
58,Hermanus,ZA,2021-04-23 17:43:47,-34.4187,19.2345,55.99,85,80,1.5
59,Tiznit,MA,2021-04-23 17:44:40,29.5833,-9.5,66.83,45,38,11.9
60,Palmer,US,2021-04-23 17:44:40,42.1584,-72.3287,55.99,28,40,23.02
61,Sigli,ID,2021-04-23 17:44:40,5.3848,95.9609,79.36,81,100,5.73
62,Antofagasta,CL,2021-04-23 17:42:24,-23.65,-70.4,70.0,68,20,17.27
63,Mouzouras,GR,2021-04-23 17:44:41,35.5333,24.15,64.4,72,40,4.61
64,Santa Helena De Goias,BR,2021-04-23 17:44:41,-17.8136,-50.5969,86.02,25,0,1.72
65,Porto Novo,BJ,2021-04-23 17:44:41,6.4965,2.6036,87.8,74,20,14.97
66,Adrar,MR,2021-04-23 17:44:42,20.5022,-10.0711,95.22,5,0,8.43
67,Yellowknife,CA,2021-04-23 17:41:45,62.456,-114.3525,16.0,62,90,11.5
68,Lasa,IT,2021-04-23 17:44:42,46.6166,10.7002,73.4,28,0,8.05
69,Guajara,BR,2021-04-23 17:44:42,-2.9667,-57.6667,83.23,85,98,4.52
70,Tigil,RU,2021-04-23 17:44:42,57.8,158.6667,34.11,86,100,14.09
71,Longyearbyen,SJ,2021-04-23 17:42:56,78.2186,15.6401,15.8,67,0,3.44
72,Moose Factory,CA,2021-04-23 17:44:43,51.2585,-80.6094,51.8,40,1,2.3
73,Coahuayana,MX,2021-04-23 17:44:43,18.7333,-103.6833,84.2,23,40,7.85
74,Mitchell,US,2021-04-23 17:41:10,43.7094,-98.0298,51.8,58,75,17.27
75,Ancud,CL,2021-04-23 17:44:44,-41.8697,-73.8203,61.0,67,40,11.5
76,Leningradskiy,RU,2021-04-23 17:44:44,69.3833,178.4167,25.45,92,100,4.0
77,Loughton,GB,2021-04-23 17:44:45,52.0304,-0.7864,57.2,28,0,11.5
78,Minot,US,2021-04-23 17:44:45,48.2325,-101.2963,35.6,44,90,17.27
79,Srandakan,ID,2021-04-23 17:44:45,-7.9386,110.2506,75.43,82,19,3.6
80,Isangel,VU,2021-04-23 17:44:45,-19.55,169.2667,77.88,86,31,10.27
81,Severo-Kurilsk,RU,2021-04-23 17:44:46,50.6789,156.125,34.75,94,100,6.89
82,Butaritari,KI,2021-04-23 17:44:46,3.0707,172.7902,81.61,76,98,9.69
83,Champerico,GT,2021-04-23 17:44:47,14.3,-91.9167,87.8,70,75,9.53
84,Hami,CN,2021-04-23 17:44:47,42.8,93.45,48.69,30,91,9.33
85,Bluff,NZ,2021-04-23 17:44:47,-46.6,168.3333,44.01,96,32,1.99
86,Santa Cruz Cabralia,BR,2021-04-23 17:44:48,-16.2781,-39.0247,82.4,69,20,10.36
87,Cherskiy,RU,2021-04-23 17:44:48,68.75,161.3,17.29,94,100,9.15
88,Ponta Do Sol,PT,2021-04-23 17:44:49,32.6667,-17.1,64.0,77,35,8.01
89,Leshukonskoye,RU,2021-04-23 17:44:49,64.8989,45.7622,43.75,80,78,7.05
90,Port Blair,IN,2021-04-23 17:44:49,11.6667,92.75,81.05,72,46,6.89
91,Mount Darwin,ZW,2021-04-23 17:44:50,-16.7725,31.5838,65.19,66,13,1.43
92,Luderitz,NA,2021-04-23 17:44:45,-26.6481,15.1594,63.41,82,2,10.25
93,Lang Son,VN,2021-04-23 17:44:50,21.8333,106.7333,72.45,98,11,3.36
94,San Diego De Los Banos,CU,2021-04-23 17:44:50,22.6467,-83.3697,91.8,36,76,10.36
95,Atuona,PF,2021-04-23 17:44:51,-9.8,-139.0333,80.06,80,23,21.25
96,Tessalit,ML,2021-04-23 17:44:51,20.1986,1.0114,96.8,6,0,9.73
97,Mar Del Plata,AR,2021-04-23 17:44:51,-38.0023,-57.5575,75.2,73,40,6.91
98,Barrow,US,2021-04-23 17:44:52,71.2906,-156.7887,12.2,85,1,3.44
99,Los Llanos De Aridane,ES,2021-04-23 17:44:52,28.6585,-17.9182,73.4,60,40,8.05
100,Aklavik,CA,2021-04-23 17:44:52,68.2191,-135.0107,26.6,63,20,4.61
101,Ixtapa,MX,2021-04-23 17:44:53,20.7,-105.2,84.2,58,1,9.22
102,Airai,TL,2021-04-23 17:44:53,-8.9266,125.4092,57.25,90,37,2.62
103,Sabzevar,IR,2021-04-23 17:44:53,36.2126,57.6819,76.35,32,96,12.97
104,Turukhansk,RU,2021-04-23 17:44:53,65.8167,87.9833,25.27,89,38,11.3
105,Diban,SY,2021-04-23 17:44:54,35.0365,40.5167,80.2,14,40,6.8
106,Ambon,ID,2021-04-23 17:44:54,-3.6954,128.1814,78.8,89,40,4.61
107,Melton,AU,2021-04-23 17:44:55,-37.6833,144.5833,55.99,70,98,6.93
108,Talnakh,RU,2021-04-23 17:44:55,69.4865,88.3972,32.09,95,98,11.61
109,Constitucion,CL,2021-04-23 17:44:55,-35.3333,-72.4167,62.92,59,31,7.25
110,Winnemucca,US,2021-04-23 17:44:56,40.973,-117.7357,55.4,16,1,9.22
111,Kampong Cham,KH,2021-04-23 17:44:56,11.9934,105.4635,79.39,80,100,4.9
112,Bambous Virieux,MU,2021-04-23 17:44:56,-20.3428,57.7575,80.01,83,40,9.22
113,Avarua,CK,2021-04-23 17:44:57,-21.2078,-159.775,78.8,78,40,10.36
114,Ingersoll,CA,2021-04-23 17:41:03,43.0334,-80.883,62.01,41,20,14.97
115,Aban,RU,2021-04-23 17:44:57,56.67,96.06,31.3,77,85,7.94
116,Bethel,US,2021-04-23 17:44:58,41.3712,-73.414,57.0,26,1,17.27
117,Cabo San Lucas,MX,2021-04-23 17:41:20,22.8909,-109.9124,79.0,38,40,6.91
118,Owensboro,US,2021-04-23 17:41:03,37.7742,-87.1133,57.2,50,90,11.5
119,Rio Grande,BR,2021-04-23 17:44:58,-32.035,-52.0986,78.8,61,40,21.85
120,Lantawan,PH,2021-04-23 17:44:58,10.6167,123.9833,82.4,78,75,9.22
121,Torbay,CA,2021-04-23 17:44:59,47.6666,-52.7314,46.99,53,75,25.32
122,Grand Gaube,MU,2021-04-23 17:44:59,-20.0064,57.6608,80.01,76,99,5.99
123,Beloha,MG,2021-04-23 17:44:59,-25.1667,45.05,74.77,67,42,12.62
124,Araouane,ML,2021-04-23 17:45:00,18.9048,-3.5265,98.85,8,12,5.66
125,Bratunac,BA,2021-04-23 17:45:00,44.1875,19.3394,55.4,46,0,3.44
126,Kodiak,US,2021-04-23 17:40:01,57.79,-152.4072,41.0,87,90,9.22
127,Chapada Dos Guimaraes,BR,2021-04-23 17:45:01,-15.4606,-55.7497,93.2,38,20,11.5
128,Imbituva,BR,2021-04-23 17:45:01,-25.23,-50.6044,73.9,34,2,1.59
129,Vanderhoof,CA,2021-04-23 17:45:01,54.0166,-124.0198,46.38,36,7,4.72
130,Vagur,FO,2021-04-23 17:45:02,61.4732,-6.8119,45.54,87,99,6.11
131,Xichang,CN,2021-04-23 17:45:02,27.8964,102.2634,62.62,47,17,3.22
132,Sao Joao Da Barra,BR,2021-04-23 17:45:02,-21.6403,-41.0511,84.2,48,0,4.0
133,Tuatapere,NZ,2021-04-23 17:45:03,-46.1333,167.6833,44.01,96,53,1.99
134,Georgetown,MY,2021-04-23 17:41:13,5.4112,100.3354,78.8,94,40,3.44
135,Lebu,CL,2021-04-23 17:45:03,-37.6167,-73.65,58.91,76,73,4.52
136,Hamilton,US,2021-04-23 17:41:26,39.1834,-84.5333,57.0,35,90,13.8
137,Axim,GH,2021-04-23 17:45:04,4.8699,-2.2405,82.92,77,99,10.63
138,Meulaboh,ID,2021-04-23 17:45:04,4.1363,96.1285,77.74,84,100,2.17
139,Malartic,CA,2021-04-23 17:45:05,48.1335,-78.1328,55.0,32,20,12.66
140,Saskylakh,RU,2021-04-23 17:45:05,71.9167,114.0833,33.37,97,100,14.36
141,Lannion,FR,2021-04-23 17:45:05,48.75,-3.4167,66.2,45,0,12.66
142,New Norfolk,AU,2021-04-23 17:45:06,-42.7826,147.0587,51.01,78,85,1.01
143,Lorengau,PG,2021-04-23 17:45:06,-2.0226,147.2712,79.3,79,100,5.37
144,Surgut,RU,2021-04-23 17:44:40,61.25,73.4167,44.6,45,0,8.95
145,Narsaq,GL,2021-04-23 17:40:42,60.9167,-46.05,48.2,43,40,9.22
146,Nikolskoye,RU,2021-04-23 17:45:07,59.7035,30.7861,43.0,70,75,4.47
147,Berea,US,2021-04-23 17:45:07,41.3662,-81.8543,57.2,38,75,17.27
148,Kerchevskiy,RU,2021-04-23 17:45:07,59.946,56.2884,41.23,91,100,6.51
149,Srednekolymsk,RU,2021-04-23 17:45:08,67.45,153.6833,8.13,94,100,16.37
150,Cedar City,US,2021-04-23 17:45:08,37.6775,-113.0619,61.0,13,1,12.66
151,Chaplynka,UA,2021-04-23 17:45:08,46.3651,33.5403,50.0,100,100,5.99
152,Port Alfred,ZA,2021-04-23 17:44:17,-33.5906,26.891,68.11,73,2,23.6
153,Haukipudas,FI,2021-04-23 17:45:09,65.1765,25.3523,35.6,93,90,11.5
154,Iquique,CL,2021-04-23 17:42:59,-20.2208,-70.1431,69.8,60,20,14.97
155,Dudinka,RU,2021-04-23 17:45:09,69.4058,86.1778,31.91,96,92,20.27
156,Hirara,JP,2021-04-23 17:45:10,24.8,125.2833,72.09,76,57,23.0
157,Mansa,IN,2021-04-23 17:45:10,29.9833,75.3833,73.15,46,0,5.88
158,Jinchang,CN,2021-04-23 17:45:10,38.4953,102.1739,41.5,76,100,11.68
159,Lagoa,PT,2021-04-23 17:43:39,39.05,-27.9833,57.92,76,5,35.39
160,Calabozo,VE,2021-04-23 17:45:11,8.9242,-67.4293,98.49,27,17,7.9
161,Surt,LY,2021-04-23 17:45:11,31.2089,16.5887,84.6,28,72,15.28
162,Wanxian,CN,2021-04-23 17:45:11,30.8039,108.3897,67.14,95,95,8.39
163,Kyshtovka,RU,2021-04-23 17:45:12,56.555,76.6271,34.41,69,0,6.11
164,Edeia,BR,2021-04-23 17:45:12,-17.3383,-49.9314,86.05,26,0,3.51
165,Kudahuvadhoo,MV,2021-04-23 17:45:12,2.6708,72.8944,83.46,67,15,10.29
166,Ostrovnoy,RU,2021-04-23 17:45:13,68.0531,39.5131,33.3,88,100,11.68
167,Mahina,PF,2021-04-23 17:45:13,-17.5065,-149.489,80.6,78,20,2.3
168,Palauig,PH,2021-04-23 17:45:14,15.435,119.9045,77.11,75,12,8.25
169,Verkhovazhye,RU,2021-04-23 17:45:14,60.7472,42.0465,51.21,77,80,10.65
170,Vardo,NO,2021-04-23 17:45:15,70.3705,31.1107,35.6,60,75,9.22
171,Opuwo,NA,2021-04-23 17:45:15,-18.0607,13.84,75.61,31,75,4.99
172,Panzhihua,CN,2021-04-23 17:45:15,26.5851,101.7128,68.49,37,45,2.24
173,San Patricio,US,2021-04-23 17:45:15,28.017,-97.5169,78.01,88,90,17.27
174,Lucapa,AO,2021-04-23 17:45:16,-8.4192,20.7447,69.21,89,94,3.31
175,Tuktoyaktuk,CA,2021-04-23 17:45:16,69.4541,-133.0374,10.4,79,75,8.05
176,Aquiraz,BR,2021-04-23 17:45:16,-3.9014,-38.3911,87.01,74,20,12.66
177,Isla Mujeres,MX,2021-04-23 17:45:17,21.2311,-86.731,86.0,62,75,18.41
178,Enkoping,SE,2021-04-23 17:45:17,59.6361,17.0777,46.4,25,75,16.11
179,Santa Cruz,BO,2021-04-23 17:44:38,-17.8,-63.1667,69.8,100,90,6.91
180,Salihorsk,BY,2021-04-23 17:45:18,52.7876,27.5415,38.26,76,100,10.94
181,Deer Lake,CA,2021-04-23 17:45:18,49.1667,-57.4316,39.2,65,90,12.66
182,Aguimes,ES,2021-04-23 17:45:19,27.9054,-15.4461,71.6,68,75,6.91
183,Geraldton,AU,2021-04-23 17:45:19,-28.7667,114.6,60.8,88,40,6.91
184,Harper,LR,2021-04-23 17:45:20,4.375,-7.7169,83.05,76,100,9.51
185,San Buenaventura,MX,2021-04-23 17:45:20,27.0833,-101.5333,82.4,32,75,4.61
186,Saint George,US,2021-04-23 17:44:03,37.1041,-113.5841,73.0,20,1,12.71
187,Alofi,NU,2021-04-23 17:45:20,-19.0595,-169.9187,71.6,100,11,1.14
188,Mayo,US,2021-04-23 17:45:20,38.8876,-76.5119,62.01,33,1,12.66
189,Atherton,GB,2021-04-23 17:45:21,53.5237,-2.4935,64.4,31,100,5.75
190,San Rafael,AR,2021-04-23 17:43:00,-34.6177,-68.3301,68.85,44,7,8.19
191,Pacific Grove,US,2021-04-23 17:43:23,36.6177,-121.9166,57.2,62,90,4.61
192,Ugoofaaru,MV,2021-04-23 17:45:21,5.6667,73.0,83.64,74,29,8.95
193,Oda,JP,2021-04-23 17:45:22,35.1833,132.5,55.9,74,97,5.7
194,Rivadavia,AR,2021-04-23 17:40:42,-33.1905,-68.4608,69.8,49,40,6.91
195,Dembi Dolo,ET,2021-04-23 17:45:22,8.5333,34.8,62.98,78,80,3.06
196,Upernavik,GL,2021-04-23 17:45:23,72.7868,-56.1549,33.28,70,100,6.46
197,Codrington,AU,2021-04-23 17:45:23,-38.2667,141.9667,53.37,85,100,8.32
198,Klaksvik,FO,2021-04-23 17:45:23,62.2266,-6.589,44.6,93,75,4.61
199,Kavieng,PG,2021-04-23 17:45:23,-2.5744,150.7967,77.63,86,100,5.17
200,Urucara,BR,2021-04-23 17:45:24,-2.5364,-57.76,81.32,88,100,5.3
201,Odessa,UA,2021-04-23 17:45:24,46.4775,30.7326,46.4,87,75,13.42
202,Bengkulu,ID,2021-04-23 17:45:24,-3.8004,102.2655,74.57,90,82,4.23
203,Taylorville,US,2021-04-23 17:45:25,39.5489,-89.2945,55.99,62,90,12.66
204,Bairiki,KI,2021-04-23 17:45:25,1.3292,172.9752,80.6,89,40,6.35
205,Chuy,UY,2021-04-23 17:45:25,-33.6971,-53.4616,72.93,66,47,12.08
206,Saldanha,ZA,2021-04-23 17:45:26,-33.0117,17.9442,62.6,67,51,6.91
207,Urubicha,BO,2021-04-23 17:45:26,-15.3833,-62.95,87.01,51,36,4.92
208,Bathsheba,BB,2021-04-23 17:45:27,13.2167,-59.5167,86.0,54,20,20.71
209,Flinders,AU,2021-04-23 17:45:27,-34.5833,150.8552,51.01,77,15,1.01
210,Altay,CN,2021-04-23 17:45:27,47.8667,88.1167,28.13,64,63,1.19
211,Port Hardy,CA,2021-04-23 17:45:28,50.6996,-127.4199,50.0,71,75,5.75
212,Fortuna,US,2021-04-23 17:45:28,40.5982,-124.1573,60.01,87,20,3.44
213,Bara,NG,2021-04-23 17:45:28,10.3744,10.7288,96.46,19,33,5.7
214,Arrecife,ES,2021-04-23 17:45:29,28.963,-13.5477,73.4,78,40,3.44
215,Akdepe,TM,2021-04-23 17:45:29,42.0551,59.3788,69.8,23,0,6.91
216,Magadan,RU,2021-04-23 17:45:29,59.5667,150.8,24.44,98,96,6.24
217,Boende,CD,2021-04-23 17:45:30,-0.2167,20.8667,73.18,92,100,2.13
218,Vokhma,RU,2021-04-23 17:45:30,58.9303,46.7586,46.98,75,51,8.61
219,Rio Gallegos,AR,2021-04-23 17:45:30,-51.6226,-69.2181,51.8,54,0,3.44
220,Sambava,MG,2021-04-23 17:45:30,-14.2667,50.1667,74.21,92,93,8.1
221,Carnarvon,AU,2021-04-23 17:41:00,-24.8667,113.6333,69.8,83,0,8.05
222,Arlit,NE,2021-04-23 17:45:31,18.7369,7.3853,95.9,6,10,9.98
223,Mildura,AU,2021-04-23 17:45:31,-34.2,142.15,51.8,71,90,5.75
224,Cayenne,GF,2021-04-23 17:45:32,4.9333,-52.3333,80.6,89,75,5.75
225,Nuuk,GL,2021-04-23 17:45:32,64.1835,-51.7216,33.8,86,75,5.75
226,Pontes E Lacerda,BR,2021-04-23 17:45:32,-15.2261,-59.3353,91.58,38,27,4.5
227,Esfarayen,IR,2021-04-23 17:45:32,37.0765,57.5101,60.8,72,40,9.22
228,Tiksi,RU,2021-04-23 17:45:33,71.6872,128.8694,0.12,100,64,6.76
229,Hudson Bay,CA,2021-04-23 17:45:33,52.85,-102.3842,35.1,34,53,12.12
230,Naantali,FI,2021-04-23 17:45:33,60.4674,22.0243,34.0,86,90,13.8
231,Marrakesh,MA,2021-04-23 17:42:42,31.6315,-8.0083,82.4,34,40,10.36
232,Hasaki,JP,2021-04-23 17:44:10,35.7333,140.8333,48.2,81,0,5.75
233,Mount Gambier,AU,2021-04-23 17:45:34,-37.8333,140.7667,50.0,93,40,8.05
234,Hunchun,CN,2021-04-23 17:45:34,42.8675,130.3581,52.03,61,100,3.31
235,Isaka,TZ,2021-04-23 17:45:34,-3.9,32.9333,71.01,73,99,5.35
236,Myitkyina,MM,2021-04-23 17:45:35,25.3833,97.4,77.32,44,62,1.45
237,Taltal,CL,2021-04-23 17:45:35,-25.4,-70.4833,65.53,69,8,7.2
238,Beringovskiy,RU,2021-04-23 17:45:36,63.05,179.3167,18.43,86,100,6.6
239,Byron Bay,AU,2021-04-23 17:45:36,-28.65,153.6167,48.99,93,2,6.17
240,Singkang,MY,2021-04-23 17:45:36,2.1006,102.7994,78.8,94,20,2.75
241,Dayong,CN,2021-04-23 17:45:37,25.0209,118.2898,75.2,64,20,11.18
242,Ginda,IN,2021-04-23 17:45:37,30.6945,78.4932,45.91,73,37,8.7
243,Lena,ES,2021-04-23 17:45:38,43.1,-5.7333,69.8,49,20,6.91
244,Nanortalik,GL,2021-04-23 17:45:38,60.1432,-45.2371,37.24,84,18,5.21
245,Dombarovskiy,RU,2021-04-23 17:45:38,50.7587,59.5386,49.73,49,100,14.94
246,Arraial Do Cabo,BR,2021-04-23 17:45:26,-22.9661,-42.0278,77.0,73,0,21.85
247,Cidreira,BR,2021-04-23 17:45:39,-30.1811,-50.2056,72.37,72,69,15.79
248,Hithadhoo,MV,2021-04-23 17:42:12,-0.6,73.0833,82.22,73,21,5.88
249,Grindavik,IS,2021-04-23 17:45:39,63.8424,-22.4338,46.4,87,90,19.57
250,Kokkola,FI,2021-04-23 17:45:40,63.8385,23.1307,33.8,93,90,10.36
251,Touros,BR,2021-04-23 17:45:40,-5.1989,-35.4608,87.8,58,20,12.66
252,Victoria,HK,2021-04-23 17:45:40,22.2855,114.1577,78.01,78,6,8.99
253,Ewa Beach,US,2021-04-23 17:45:41,21.3156,-158.0072,75.2,68,1,6.91
254,Smithers,CA,2021-04-23 17:45:00,54.7804,-127.1743,44.6,39,20,5.75
255,Labuhan,ID,2021-04-23 17:45:41,-6.8844,112.2051,76.35,81,84,5.01
256,Neuruppin,DE,2021-04-23 17:45:41,52.9282,12.8031,53.01,34,22,5.84
257,Rabat,MA,2021-04-23 17:45:42,33.9911,-6.8401,68.0,73,75,4.61
258,Chicama,PE,2021-04-23 17:45:42,-7.8447,-79.1469,66.2,82,40,10.36
259,Yar-Sale,RU,2021-04-23 17:45:42,66.8333,70.8333,34.63,99,100,11.16
260,College,US,2021-04-23 17:45:43,64.8569,-147.8028,44.01,52,20,5.75
261,Gilbues,BR,2021-04-23 17:45:43,-9.8317,-45.3439,87.51,51,59,2.68
262,Sitka,US,2021-04-23 17:45:43,57.0531,-135.33,46.4,57,1,5.75
263,San Carlos De Bariloche,AR,2021-04-23 17:45:43,-41.1456,-71.3082,55.4,47,20,23.02
264,Padang,ID,2021-04-23 17:45:44,-0.9492,100.3543,75.2,94,20,2.3
265,San Luis,AR,2021-04-23 17:42:49,-33.295,-66.3356,60.8,94,90,8.05
266,Kaitangata,NZ,2021-04-23 17:45:44,-46.2817,169.8464,50.0,89,32,3.0
267,Poum,NC,2021-04-23 17:45:45,-20.2333,164.0167,78.03,81,41,6.71
268,Jiazi,CN,2021-04-23 17:45:45,22.8779,116.067,71.35,88,4,9.24
269,Puerto Colombia,CO,2021-04-23 17:40:57,10.9878,-74.9547,91.4,58,20,13.8
270,Celestun,MX,2021-04-23 17:45:46,20.8667,-90.4,89.64,48,97,4.65
271,Khatanga,RU,2021-04-23 17:45:46,71.9667,102.5,33.24,96,100,22.06
272,Chortomlyk,UA,2021-04-23 17:45:46,47.6232,34.142,51.75,82,100,12.66
273,Maralal,KE,2021-04-23 17:45:46,1.0968,36.698,61.2,84,93,6.04
274,Igarka,RU,2021-04-23 17:45:47,67.4667,86.5833,28.56,91,51,16.26
275,Solginskiy,RU,2021-04-23 17:45:47,61.05,41.3428,51.13,80,93,10.25
276,Provideniya,RU,2021-04-23 17:44:05,64.3833,-173.3,35.15,66,99,3.09
277,Portland,US,2021-04-23 17:43:35,45.5234,-122.6762,55.99,54,75,5.75
278,Laishevo,RU,2021-04-23 17:45:47,55.4046,49.5504,51.8,58,0,6.71
279,Teya,RU,2021-04-23 17:45:48,60.3778,92.6267,21.42,97,18,0.2
280,Mehamn,NO,2021-04-23 17:45:48,71.0357,27.8492,32.0,74,20,9.22
281,Pangnirtung,CA,2021-04-23 17:45:49,66.1451,-65.7125,26.6,80,75,2.3
282,Letka,RU,2021-04-23 17:45:49,59.6011,49.4232,43.43,84,54,4.9
283,Thinadhoo,MV,2021-04-23 17:45:49,0.5333,72.9333,83.03,67,57,7.85
284,Ndele,CF,2021-04-23 17:45:50,8.4109,20.6473,75.67,69,74,9.24
285,San Matias,BO,2021-04-23 17:44:47,-16.3667,-58.4,96.21,26,7,7.81
286,Staryy Nadym,RU,2021-04-23 17:45:50,65.6118,72.6842,34.66,99,100,12.28
287,Nishihara,JP,2021-04-23 17:45:50,26.1842,127.7558,69.8,83,75,18.41
288,Lensk,RU,2021-04-23 17:45:51,60.7253,114.9278,32.54,94,100,10.78
289,Bilma,NE,2021-04-23 17:45:51,18.6853,12.9164,97.52,7,80,7.43
290,North Bend,US,2021-04-23 17:45:51,43.4065,-124.2243,53.01,71,75,2.91
291,Saint-Pierre,RE,2021-04-23 17:45:52,-21.3393,55.4781,77.0,78,75,11.5
292,Dangara,IN,2021-04-23 17:45:52,29.6799,75.8931,73.0,51,0,6.29
293,Naron,ES,2021-04-23 17:45:53,43.5167,-8.1528,64.99,88,0,3.44
294,Mount Isa,AU,2021-04-23 17:45:53,-20.7333,139.5,68.0,26,2,13.8
295,Coos Bay,US,2021-04-23 17:45:53,43.3665,-124.2179,53.01,71,75,2.95
296,Gamba,GA,2021-04-23 17:45:54,-2.65,10.0,78.84,85,44,6.31
297,Boden,SE,2021-04-23 17:45:54,65.8252,21.6886,33.8,93,90,11.5
298,Faanui,PF,2021-04-23 17:45:54,-16.4833,-151.75,80.38,74,45,11.79
299,Dosso,NE,2021-04-23 17:45:55,13.049,3.1937,100.47,10,40,8.23
300,Ribeira Grande,PT,2021-04-23 17:45:55,38.5167,-28.7,60.8,67,20,36.82
301,Hearst,CA,2021-04-23 17:45:55,49.6835,-83.6665,62.6,23,38,10.36
302,Finnsnes,NO,2021-04-23 17:45:56,69.2296,17.9811,33.8,80,75,10.36
303,Katoro,TZ,2021-04-23 17:45:56,-3.0203,31.8958,65.14,92,89,3.98
304,Sao Filipe,CV,2021-04-23 17:45:56,14.8961,-24.4956,72.0,75,23,11.45
305,Carutapera,BR,2021-04-23 17:45:57,-1.195,-46.02,81.43,86,97,4.9
306,Ryotsu,JP,2021-04-23 17:45:57,38.0833,138.4333,49.19,77,100,7.49
307,Mudanjiang,CN,2021-04-23 17:45:57,44.5833,129.6,53.47,80,100,3.29
308,Korem,ET,2021-04-23 17:45:57,12.5058,39.5228,63.52,46,79,4.83
309,Porto De Mos,PT,2021-04-23 17:45:58,39.6019,-8.8184,64.0,91,90,1.01
310,Bikin,RU,2021-04-23 17:45:58,46.8161,134.26,48.31,54,100,10.0
311,Baruun-Urt,MN,2021-04-23 17:45:58,46.6806,113.2792,37.47,31,50,15.66
312,Sao Paulo De Olivenca,BR,2021-04-23 17:45:59,-3.3783,-68.8725,88.02,62,91,2.21
313,Hargeysa,SO,2021-04-23 17:45:59,9.56,44.065,74.68,56,37,8.77
314,Avera,US,2021-04-23 17:45:59,33.194,-82.5271,69.8,23,1,5.75
315,Mahibadhoo,MV,2021-04-23 17:46:00,3.7833,72.9667,83.44,72,35,10.67
316,Haines Junction,CA,2021-04-23 17:46:00,60.7522,-137.5108,37.4,48,14,3.44
317,Korsor,DK,2021-04-23 17:46:01,55.3299,11.1386,48.99,70,37,8.01
318,Kuloy,RU,2021-04-23 17:46:01,61.0305,42.4925,51.78,71,68,12.35
319,Sungairaya,ID,2021-04-23 17:46:01,0.7,108.9,79.34,77,22,6.46
320,Karasjok,NO,2021-04-23 17:46:01,69.4719,25.5112,37.4,65,75,17.27
321,Gutierrez Zamora,MX,2021-04-23 17:46:02,20.45,-97.0833,82.4,65,75,8.84
322,Basco,PH,2021-04-23 17:46:02,20.4487,121.9702,76.66,84,13,13.71
323,Vao,NC,2021-04-23 17:46:02,-22.6667,167.4833,75.38,77,78,9.84
324,Doha,QA,2021-04-23 17:44:59,25.2867,51.5333,87.01,54,0,3.44
325,Dingle,PH,2021-04-23 17:46:03,10.9995,122.6711,77.18,83,100,6.04
326,Gondanglegi,ID,2021-04-23 17:46:03,-7.7479,112.0132,74.16,83,38,5.26
327,Sinegorsk,RU,2021-04-23 17:46:03,47.1667,142.5,32.0,93,89,2.24
328,Ibirapitanga,BR,2021-04-23 17:46:04,-14.1642,-39.3736,83.71,66,67,4.9
329,Clyde River,CA,2021-04-23 17:46:04,70.4692,-68.5914,19.4,93,40,10.36
330,Shingu,JP,2021-04-23 17:46:04,33.7333,135.9833,57.67,72,100,3.11
331,Pochutla,MX,2021-04-23 17:46:05,15.7432,-96.4661,93.2,49,20,9.31
332,Mfou,CM,2021-04-23 17:46:05,3.7159,11.6427,71.73,96,66,4.14
333,Bell Ville,AR,2021-04-23 17:46:05,-32.6259,-62.6887,69.01,94,100,3.0
334,Miyako,JP,2021-04-23 17:46:05,39.6367,141.9525,43.9,62,6,3.94
335,Pervomayskiy,RU,2021-04-23 17:46:06,53.2485,40.2871,52.0,73,84,11.03
336,Ponta Delgada,PT,2021-04-23 17:46:06,37.7333,-25.6667,59.0,77,40,27.63
337,Mattru,SL,2021-04-23 17:46:06,7.6244,-11.8332,81.7,73,97,4.27
338,Port-Gentil,GA,2021-04-23 17:46:07,-0.7193,8.7815,80.87,80,41,12.64
339,Dikson,RU,2021-04-23 17:46:07,73.5069,80.5464,32.32,97,100,20.0
340,Ayan,RU,2021-04-23 17:46:07,56.45,138.1667,24.03,79,49,6.82
341,San Isidro,PE,2021-04-23 17:46:07,-12.1167,-77.05,69.8,73,20,6.91
342,Maldonado,UY,2021-04-23 17:46:08,-34.6667,-54.9167,77.0,60,40,14.97
343,Auki,SB,2021-04-23 17:46:08,-8.7676,160.7034,76.26,86,48,2.15
344,Terrasini,IT,2021-04-23 17:46:08,38.146,13.0844,59.0,94,75,13.8
345,Shenjiamen,CN,2021-04-23 17:46:08,29.9576,122.298,60.66,97,100,4.63
346,Forestville,US,2021-04-23 17:46:09,38.8451,-76.875,62.01,29,40,16.11
347,Pecos,US,2021-04-23 17:46:09,31.4229,-103.4932,78.8,11,1,27.63
348,Svetlyy,RU,2021-04-23 17:46:09,54.675,20.1347,42.01,65,40,13.42
349,Grafton,US,2021-04-23 17:46:09,42.207,-71.6856,55.99,32,75,26.46
350,Moyo,UG,2021-04-23 17:46:10,3.6609,31.7247,66.54,89,87,6.82
351,Am Timan,TD,2021-04-23 17:43:39,11.0297,20.2827,92.71,26,67,4.83
352,Iqaluit,CA,2021-04-23 17:46:10,63.7506,-68.5145,28.4,80,90,5.75
353,Morehead,US,2021-04-23 17:46:10,37.2711,-87.1764,57.2,47,90,9.22
354,Manggar,ID,2021-04-23 17:46:11,-2.8833,108.2667,80.56,76,11,5.53
355,Oranjemund,NA,2021-04-23 17:46:11,-28.55,16.4333,60.37,91,3,4.05
356,Salalah,OM,2021-04-23 17:46:11,17.0151,54.0924,84.2,74,20,4.61
357,Zaysan,KZ,2021-04-23 17:46:11,47.4667,84.8667,30.97,57,67,6.02
358,Erzin,TR,2021-04-23 17:46:12,36.9559,36.2,71.6,49,40,2.3
359,Benghazi,LY,2021-04-23 17:45:56,32.1167,20.0667,79.2,31,46,11.21
360,Abu Samrah,SY,2021-04-23 17:46:12,35.3029,37.1841,72.82,22,22,5.73
361,Diffa,NE,2021-04-23 17:46:12,13.3154,12.6113,94.89,9,86,5.28
362,Chupa,RU,2021-04-23 17:46:13,66.27,33.0549,33.62,97,100,11.59
363,Alugan,PH,2021-04-23 17:46:13,12.2188,125.4808,76.15,88,100,5.48
364,Kigali,RW,2021-04-23 17:46:13,-1.95,30.0588,71.6,73,40,5.75
365,Vestmannaeyjar,IS,2021-04-23 17:46:13,63.4427,-20.2734,46.4,87,90,18.41
366,Bacolod,PH,2021-04-23 17:46:14,10.6667,122.95,78.98,85,100,10.6
367,Kousseri,CM,2021-04-23 17:46:14,12.0769,15.0306,102.2,17,100,4.61
368,Naze,JP,2021-04-23 17:46:14,28.3667,129.4833,64.9,69,100,29.24
369,Zhanaozen,KZ,2021-04-23 17:46:14,43.3,52.8,56.43,58,15,17.0
370,Nazira,IN,2021-04-23 17:46:15,26.9167,94.7333,75.85,47,2,3.44
371,Wewak,PG,2021-04-23 17:46:15,-3.5534,143.6268,78.28,85,100,3.69
372,Jaciara,BR,2021-04-23 17:46:15,-15.9653,-54.9683,91.35,28,28,1.77
373,Hammerfest,NO,2021-04-23 17:46:16,70.6634,23.6821,33.8,86,75,14.97
374,Alta Floresta,BR,2021-04-23 17:46:16,-9.8756,-56.0861,86.0,70,40,3.44
375,Alamosa,US,2021-04-23 17:46:16,37.4695,-105.87,46.4,46,75,13.8
376,Gornopravdinsk,RU,2021-04-23 17:46:16,60.05,69.9,43.38,82,100,7.14
377,Estelle,US,2021-04-23 17:46:17,29.8458,-90.1067,77.0,68,75,17.27
378,Gandorhun,SL,2021-04-23 17:46:17,7.5,-11.8333,82.24,71,93,4.47
379,Havre-Saint-Pierre,CA,2021-04-23 17:43:46,50.2334,-63.5986,35.6,87,90,17.27
380,Manicore,BR,2021-04-23 17:46:17,-5.8092,-61.3003,80.6,89,75,6.91
381,Manuk Mangkaw,PH,2021-04-23 17:46:18,4.8,119.85,82.62,74,76,5.84
382,Berlevag,NO,2021-04-23 17:46:18,70.8578,29.0864,35.6,69,20,6.91
383,Shimoda,JP,2021-04-23 17:46:18,34.6667,138.95,50.0,73,100,1.01
384,Anadyr,RU,2021-04-23 17:46:18,64.75,177.4833,8.6,85,0,6.71
385,Charlestown,AU,2021-04-23 17:46:19,-32.95,151.6667,54.0,87,34,4.03
386,Mocuba,MZ,2021-04-23 17:46:19,-16.8392,36.9856,68.34,95,16,3.76
387,Lata,PT,2021-04-23 17:46:19,40.1629,-8.3327,64.0,89,96,1.01
388,Rocha,UY,2021-04-23 17:44:26,-34.4833,-54.3333,75.2,61,5,10.71
389,Kitimat,CA,2021-04-23 17:46:19,54.0524,-128.6534,53.01,53,100,3.31
390,Sistranda,NO,2021-04-23 17:46:20,63.7256,8.834,37.4,75,40,21.85
391,Liverpool,GB,2021-04-23 17:43:57,53.4106,-2.9779,64.4,34,0,6.91
392,Rawah,IQ,2021-04-23 17:46:20,34.4816,41.9093,79.43,10,93,7.78
393,Nakama,JP,2021-04-23 17:46:20,33.8167,130.7,64.0,72,75,10.36
394,Nioro,GM,2021-04-23 17:46:21,13.35,-15.75,102.36,11,53,5.73
395,Burns Lake,CA,2021-04-23 17:46:21,54.2331,-125.7533,42.8,31,49,8.05
396,Port Perry,CA,2021-04-23 17:45:08,44.1068,-78.9444,55.0,40,1,17.27
397,Faya,SA,2021-04-23 17:46:21,18.3851,42.4509,66.2,55,40,4.61
398,Bloomingdale,US,2021-04-23 17:45:55,27.8936,-82.2404,84.99,54,75,8.05
399,Petropavlovsk-Kamchatskiy,RU,2021-04-23 17:44:48,53.0452,158.6483,33.8,100,20,2.24
400,Umm Kaddadah,SD,2021-04-23 17:46:22,13.6017,26.6876,89.55,11,69,12.12
401,Bilibino,RU,2021-04-23 17:46:22,68.0546,166.4372,11.84,93,100,5.84
402,Pierre,US,2021-04-23 17:46:22,44.3683,-100.351,35.6,100,90,16.11
403,Westport,US,2021-04-23 17:46:23,41.1415,-73.3579,57.0,28,1,14.97
404,Baker City,US,2021-04-23 17:46:23,44.7749,-117.8344,53.01,43,1,4.61
405,Kavaratti,IN,2021-04-23 17:46:23,10.5669,72.642,84.24,70,7,8.08
406,Sayat,TM,2021-04-23 17:46:23,38.7839,63.8803,68.0,24,0,9.22
407,Puerto Penasco,MX,2021-04-23 17:41:41,31.3167,-113.5333,68.0,60,1,14.97
408,Uribia,CO,2021-04-23 17:46:24,11.7139,-72.266,92.19,42,21,18.37
409,High Rock,BS,2021-04-23 17:46:24,26.6208,-78.2833,77.0,65,75,14.97
410,Mackay,AU,2021-04-23 17:46:24,-21.15,149.2,66.2,94,90,11.5
411,Kenai,US,2021-04-23 17:46:25,60.5544,-151.2583,42.8,56,1,5.75
412,Bonthe,SL,2021-04-23 17:46:25,7.5264,-12.505,82.58,75,100,5.53
413,Duldurga,RU,2021-04-23 17:46:25,50.6761,113.5931,30.92,31,93,3.4
414,Nandi,IN,2021-04-23 17:46:25,13.3855,77.6984,82.99,83,75,1.14
415,Cuauhtemoc,MX,2021-04-23 17:45:42,28.4167,-106.8667,63.0,11,0,11.01
416,Port Lincoln,AU,2021-04-23 17:46:26,-34.7333,135.8667,57.45,75,83,4.07
417,Birjand,IR,2021-04-23 17:46:26,32.8663,59.2211,73.4,9,0,9.22
418,Kemi,FI,2021-04-23 17:46:26,65.8596,24.8228,32.0,100,90,18.41
419,Itarema,BR,2021-04-23 17:46:27,-2.9248,-39.9167,83.95,69,28,12.26
420,Ribeirao Branco,BR,2021-04-23 17:46:27,-24.2208,-48.7656,72.72,42,2,4.21
421,Namwala,ZM,2021-04-23 17:46:27,-15.7504,26.4384,68.99,50,34,4.56
422,Harlingen,US,2021-04-23 17:43:51,26.1906,-97.6961,84.2,70,90,18.41
423,Dalbandin,PK,2021-04-23 17:46:27,28.8947,64.4101,81.45,9,0,5.01
424,Nipawin,CA,2021-04-23 17:45:08,53.3668,-104.0009,35.6,44,90,8.05
425,Port Charlotte,US,2021-04-23 17:46:28,26.9762,-82.0906,84.99,48,20,12.66
426,Ipixuna,BR,2021-04-23 17:46:28,-1.7625,-48.8043,86.0,70,40,11.5
427,Stromness,GB,2021-04-23 17:46:16,58.965,-3.296,48.2,61,20,5.75
428,Pathardi,IN,2021-04-23 17:46:28,19.1667,75.1833,85.98,26,88,13.22
429,Zandvoort,NL,2021-04-23 17:46:29,52.3749,4.5341,55.99,47,20,10.36
430,Rockport,US,2021-04-23 17:46:29,28.0206,-97.0544,77.0,94,90,10.36
431,Canela,BR,2021-04-23 17:46:29,-29.3656,-50.8156,82.0,44,27,1.01
432,Xining,CN,2021-04-23 17:43:20,36.6167,101.7667,50.0,83,100,3.65
433,Itapirapua,BR,2021-04-23 17:46:30,-15.8233,-50.6133,87.44,32,4,1.52
434,Iranshahr,IR,2021-04-23 17:46:30,27.2025,60.6848,93.2,10,20,3.53
435,Feltre,IT,2021-04-23 17:46:30,46.0235,11.907,64.4,26,0,6.91
436,Sabang,ID,2021-04-23 17:46:30,5.8933,95.3214,83.3,73,84,16.33
437,Nagato,JP,2021-04-23 17:46:31,34.3833,131.2,62.6,72,75,10.36
438,Kerema,PG,2021-04-23 17:46:31,-7.9631,145.7785,78.35,86,100,3.04
439,Zhigansk,RU,2021-04-23 17:46:31,66.7697,123.3711,5.94,93,67,8.72
440,Vangaindrano,MG,2021-04-23 17:46:31,-23.35,47.6,69.62,90,24,1.77
441,Salamiyah,SY,2021-04-23 17:46:32,35.0113,37.0532,71.46,24,23,8.41
442,Gigmoto,PH,2021-04-23 17:46:32,13.7796,124.39,77.59,86,66,2.93
443,Sabalgarh,IN,2021-04-23 17:46:32,26.25,77.4,84.52,22,57,8.95
444,Kamenka,RU,2021-04-23 17:44:25,51.3223,42.7678,46.99,88,67,6.64
445,Santa Rosa,PH,2021-04-23 17:46:33,14.3122,121.1114,82.4,65,20,6.91
446,Townsville,AU,2021-04-23 17:46:33,-19.25,146.8,69.8,94,90,9.22
447,Jiexiu,CN,2021-04-23 17:46:33,37.0244,111.9125,56.12,67,100,14.43
448,Nome,US,2021-04-23 17:44:23,64.5011,-165.4064,35.6,64,1,9.22
449,Lahaina,US,2021-04-23 17:46:34,20.8783,-156.6825,72.0,78,20,9.22
450,Dandong,CN,2021-04-23 17:46:34,40.1292,124.3947,53.92,76,100,2.42
451,Kopavogur,IS,2021-04-23 17:46:34,64.1123,-21.913,48.99,81,90,9.22
452,Porto Walter,BR,2021-04-23 17:46:34,-8.2686,-72.7439,91.0,49,18,3.78
453,Cockburn Town,TC,2021-04-23 17:46:35,21.4612,-71.1419,82.4,65,40,9.22
454,Harer,ET,2021-04-23 17:46:35,9.3094,42.1258,62.2,77,55,5.86
455,Qingdao,CN,2021-04-23 17:46:35,36.0986,120.3719,55.4,88,75,11.18
456,Bonavista,CA,2021-04-23 17:45:37,48.6499,-53.1147,46.4,46,51,17.27
457,Ketchikan,US,2021-04-23 17:46:36,55.3422,-131.6461,48.2,49,1,8.05
458,Suleja,NG,2021-04-23 17:46:36,9.1758,7.1808,96.8,38,20,9.22
459,Porto Santo,PT,2021-04-23 17:46:36,33.072,-16.3415,69.8,56,20,17.27
460,Vung Tau,VN,2021-04-23 17:46:36,10.346,107.0843,80.02,82,98,7.65
461,Samarai,PG,2021-04-23 17:46:37,-10.6167,150.6667,81.95,79,98,10.18
462,Bay Roberts,CA,2021-04-23 17:46:37,47.5999,-53.2648,50.0,58,56,5.01
463,Batagay,RU,2021-04-23 17:46:37,67.6333,134.6333,-6.59,98,81,0.51
464,Taybad,IR,2021-04-23 17:46:37,34.74,60.7756,67.1,13,10,9.24
465,Vila Franca Do Campo,PT,2021-04-23 17:46:38,37.7167,-25.4333,59.0,77,40,27.63
466,Samana,DO,2021-04-23 17:44:58,19.2056,-69.3369,89.6,62,20,9.22
467,Belaya Gora,RU,2021-04-23 17:46:38,68.5333,146.4167,-9.6,100,82,3.27
468,Buchanan,LR,2021-04-23 17:46:38,5.8808,-10.0467,83.17,79,100,8.7
469,Dukat,RU,2021-04-23 17:46:39,62.55,155.55,18.48,96,100,2.82
470,Olafsvik,IS,2021-04-23 17:46:39,64.8945,-23.7142,43.03,94,100,12.08
471,Harbin,CN,2021-04-23 17:46:39,45.75,126.65,50.0,81,40,8.95
472,Khovu-Aksy,RU,2021-04-23 17:46:40,51.1333,93.6,22.17,92,77,2.01
473,Pechenga,RU,2021-04-23 17:46:40,69.5259,31.1703,33.8,64,40,9.22
474,Saint Anthony,US,2021-04-23 17:46:40,45.0205,-93.218,51.01,57,90,11.5
475,Huarmey,PE,2021-04-23 17:46:40,-10.0681,-78.1522,72.84,74,10,11.79
476,Northam,GB,2021-04-23 17:45:50,51.0333,-4.2167,51.01,33,68,1.01
477,Chany,RU,2021-04-23 17:46:41,55.3121,76.7647,36.12,62,1,1.97
478,Stokmarknes,NO,2021-04-23 17:46:41,68.5646,14.9108,37.4,56,40,8.05
479,Kizukuri,JP,2021-04-23 17:46:41,40.8061,140.3861,45.07,70,10,1.88
480,Mackenzie,CA,2021-04-23 17:45:08,55.2999,-123.1698,39.2,45,20,3.44
481,Verkhnechusovskiye Gorodki,RU,2021-04-23 17:46:42,58.1671,57.1086,42.8,75,0,4.47
482,Rock Sound,BS,2021-04-23 17:46:42,24.9,-76.2,76.26,70,47,18.75
483,Proletariy,RU,2021-04-23 17:46:42,58.4342,31.7046,40.1,68,38,7.99
484,Acari,PE,2021-04-23 17:46:42,-15.4311,-74.6158,77.72,62,53,10.29
485,Mudon,MM,2021-04-23 17:46:43,16.2578,97.7164,81.55,78,70,6.04
486,Calbuco,CL,2021-04-23 17:46:43,-41.768,-73.1273,57.2,72,75,3.44
487,Carballo,ES,2021-04-23 17:46:43,43.213,-8.691,69.01,77,97,4.0
488,Katherine,AU,2021-04-23 17:46:43,-14.4667,132.2667,64.4,68,10,5.75
489,Vytegra,RU,2021-04-23 17:46:44,61.0064,36.4481,41.07,94,100,4.12
490,Yulara,AU,2021-04-23 17:44:31,-25.2406,130.9889,57.2,54,0,8.05
491,Kaeo,NZ,2021-04-23 17:46:44,-35.1,173.7833,59.0,96,23,5.99
492,Cotonou,BJ,2021-04-23 17:46:44,6.3654,2.4183,87.8,74,20,14.97
493,Puerto Escondido,MX,2021-04-23 17:46:45,15.85,-97.0667,87.8,70,20,5.75
494,Yashkino,RU,2021-04-23 17:46:45,55.8736,85.4265,33.8,40,0,4.47
495,Lubao,PH,2021-04-23 17:46:45,14.9167,120.55,78.8,83,75,2.3
496,Jacareacanga,BR,2021-04-23 17:46:46,-6.2222,-57.7528,80.6,83,75,3.85
497,Birao,CF,2021-04-23 17:46:46,10.2849,22.7882,93.65,16,53,1.41
498,Takoradi,GH,2021-04-23 17:46:46,4.8845,-1.7554,83.46,77,54,13.11
499,Sao Jose Da Coroa Grande,BR,2021-04-23 17:46:46,-8.8978,-35.1478,83.1,68,19,7.7
500,Orotukan,RU,2021-04-23 17:46:47,62.2667,151.7,14.4,96,100,3.98
501,Asfi,MA,2021-04-23 17:46:47,32.2994,-9.2372,66.42,70,97,9.37
502,Qasigiannguit,GL,2021-04-23 17:46:47,68.8193,-51.1922,41.0,48,20,16.11
503,Baghdad,IQ,2021-04-23 17:41:48,33.3406,44.4009,86.0,16,0,6.91
504,Calvinia,ZA,2021-04-23 17:46:48,-31.4707,19.776,68.74,34,0,5.19
505,Natal,BR,2021-04-23 17:42:00,-5.795,-35.2094,87.8,62,20,12.66
506,Tortoli,IT,2021-04-23 17:46:48,39.9256,9.6572,59.0,82,0,14.97
507,Ajdabiya,LY,2021-04-23 17:46:48,30.7554,20.2263,82.27,16,22,11.97
508,Nsanje,MW,2021-04-23 17:46:48,-16.92,35.262,71.64,71,53,2.15
509,Bad Salzungen,DE,2021-04-23 17:46:49,50.8167,10.2333,54.0,50,20,8.05
510,Hualmay,PE,2021-04-23 17:46:49,-11.0964,-77.6139,71.74,75,34,9.44
511,Beisfjord,NO,2021-04-23 17:46:49,68.3751,17.5988,37.4,60,75,12.66
512,Morki,RU,2021-04-23 17:46:49,56.4303,48.9947,46.6,83,91,6.24
513,Raudeberg,NO,2021-04-23 17:46:50,61.9875,5.1352,41.0,65,40,13.8
514,Pangkalanbuun,ID,2021-04-23 17:46:50,-2.6833,111.6167,74.57,92,66,0.81
515,Gambiran,ID,2021-04-23 17:46:50,-6.7988,111.4951,73.47,85,64,2.24
516,Sangar,RU,2021-04-23 17:46:51,63.9242,127.4739,13.46,97,99,1.99
517,Thakurgaon,BD,2021-04-23 17:46:51,26.0333,88.4667,80.71,19,0,3.56
518,Hervey Bay,AU,2021-04-23 17:46:51,-25.2986,152.8535,60.01,77,64,6.91
519,Medina Del Campo,ES,2021-04-23 17:46:51,41.3124,-4.9141,64.4,59,40,12.66
520,Creel,MX,2021-04-23 17:46:52,27.75,-107.6333,58.73,10,0,24.32
521,Tysmenytsya,UA,2021-04-23 17:46:52,48.9022,24.8448,44.6,61,75,6.71
522,Banjar,ID,2021-04-23 17:46:52,-8.19,114.9675,78.8,89,20,5.75
523,Kysyl-Syr,RU,2021-04-23 17:46:52,63.8986,122.7617,13.05,94,77,7.52
524,Chapleau,CA,2021-04-23 17:46:53,47.8405,-83.4034,62.6,22,1,10.36
525,Sabha,LY,2021-04-23 17:46:53,27.0377,14.4283,94.26,8,50,1.03
526,Zheleznodorozhnyy,RU,2021-04-23 17:46:53,55.7503,38.0042,46.4,93,40,2.24
527,Fairbanks,US,2021-04-23 17:43:50,64.8378,-147.7164,45.0,42,1,9.22
528,Praia Da Vitoria,PT,2021-04-23 17:46:54,38.7333,-27.0667,62.6,67,40,34.83
529,Aswan,EG,2021-04-23 17:46:54,24.0934,32.907,93.34,9,1,14.81
530,Norman Wells,CA,2021-04-23 17:46:54,65.282,-126.8329,23.0,63,20,4.61
531,Jeremoabo,BR,2021-04-23 17:46:54,-10.075,-38.4808,88.21,49,74,7.92
532,Paamiut,GL,2021-04-23 17:46:55,61.994,-49.6678,34.5,75,1,2.42
533,Imbituba,BR,2021-04-23 17:46:55,-28.24,-48.6703,75.2,69,75,8.05
534,Camalu,MX,2021-04-23 17:46:55,30.85,-116.0667,63.0,45,16,8.99
535,Olga,RU,2021-04-23 17:46:56,43.7444,135.2892,53.04,72,100,4.9
536,Pisco,PE,2021-04-23 17:46:56,-13.7,-76.2167,71.01,73,0,11.5
537,Yumen,CN,2021-04-23 17:46:56,40.2833,97.2,40.69,78,100,8.72
538,Zambezi,ZM,2021-04-23 17:46:57,-13.5432,23.1047,70.47,57,53,4.76
539,Matara,LK,2021-04-23 17:46:57,5.9485,80.5353,78.89,87,34,7.36
540,Sijunjung,ID,2021-04-23 17:46:57,-0.6876,100.9537,72.7,88,100,2.19
541,Krasnogvardeyskoye,RU,2021-04-23 17:46:57,45.8456,41.5186,55.31,63,58,4.21
542,Roma,US,2021-04-23 17:44:03,43.2128,-75.4557,54.0,30,1,18.41
543,Ilulissat,GL,2021-04-23 17:45:54,69.2167,-51.1,41.0,48,20,16.11
544,Ossora,RU,2021-04-23 17:46:58,59.2353,163.0719,29.62,93,97,4.16
545,Kushima,JP,2021-04-23 17:46:58,31.4583,131.2333,64.11,79,100,14.47
546,Navolato,MX,2021-04-23 17:43:44,24.7672,-107.6944,84.99,34,75,5.61
547,Porto Velho,BR,2021-04-23 17:46:58,-8.7619,-63.9039,84.2,74,40,5.75
548,Port Keats,AU,2021-04-23 17:46:59,-14.25,129.55,80.4,49,95,7.02
549,Komsomolskiy,UZ,2021-04-23 17:46:59,40.4272,71.7189,55.4,54,9,6.91
550,Maniitsoq,GL,2021-04-23 17:46:59,65.4167,-52.9,34.29,74,41,2.35
551,Solok,ID,2021-04-23 17:46:59,-0.7918,100.6593,75.2,94,20,2.3
552,Mandiana,GN,2021-04-23 17:47:00,10.6333,-8.6833,94.78,27,100,1.57
553,Orlovskiy,RU,2021-04-23 17:47:00,46.8714,42.0592,53.17,64,99,4.7
554,Iberia,US,2021-04-23 17:47:00,29.9502,-91.7507,75.2,73,90,18.41
555,Kruisfontein,ZA,2021-04-23 17:47:01,-34.0033,24.7314,71.01,70,1,1.99
556,Rosetta,EG,2021-04-23 17:47:01,31.4044,30.4164,64.4,72,40,9.22
557,Kununurra,AU,2021-04-23 17:44:48,-15.7667,128.7333,64.4,82,54,2.3
558,Serafimovich,RU,2021-04-23 17:47:01,49.5786,42.736,46.0,90,25,1.99
559,Chhuikhadan,IN,2021-04-23 17:47:01,21.5333,80.9833,87.85,17,48,4.36
560,Kodinsk,RU,2021-04-23 17:47:02,58.6881,99.1844,29.12,93,64,1.72
561,Mwense,ZM,2021-04-23 17:47:02,-10.3845,28.698,73.13,68,97,3.87
562,Tarko-Sale,RU,2021-04-23 17:47:03,64.9225,77.785,37.99,62,55,5.01
563,Riberalta,BO,2021-04-23 17:47:04,-10.9833,-66.1,82.4,83,75,9.22
564,Vila Velha,BR,2021-04-23 17:47:04,-20.3297,-40.2925,82.0,65,20,12.66
565,Aljezur,PT,2021-04-23 17:47:04,37.3191,-8.8033,64.29,80,100,11.05
566,Mucurapo,TT,2021-04-23 17:47:04,10.6667,-61.5333,89.6,51,75,16.11
567,Tual,ID,2021-04-23 17:47:05,-5.6667,132.75,84.02,74,86,14.29
568,Ust-Nera,RU,2021-04-23 17:47:05,64.5667,143.2,-4.16,97,94,1.43
569,Korla,CN,2021-04-23 17:47:05,41.7597,86.1469,45.12,69,3,11.83
570,Nara,JP,2021-04-23 17:43:14,34.6851,135.8049,61.0,65,100,3.15
571,Sovetskiy,RU,2021-04-23 17:47:05,61.3614,63.5842,39.99,95,100,4.72
572,Chepareria,KE,2021-04-23 17:47:06,1.3077,35.2039,61.92,90,90,1.25
